[{"pk": 1, "model": "core.profile", "fields": {"name": "ggueno", "cover_image_top": 0, "description": "Test", "url": "http://guenoleguemas.fr/", "avatar": "upload/images/avatar/13f4b21612b659bb508e72dcc9935e6.jpg", "cover_image": "", "slug": "ggueno", "date_signin": "2013-03-06", "user": 1}}, {"pk": 2, "model": "core.profile", "fields": {"name": "test", "cover_image_top": 0, "description": "vfzefezf", "url": "", "avatar": "upload/images/avatar/a622d94f9a17a263489b4da957d27d23.jpg", "cover_image": "", "slug": "test", "date_signin": "2013-03-06", "user": 2}}, {"pk": 3, "model": "core.profile", "fields": {"name": "timmy", "cover_image_top": 0, "description": "dzdzdzed", "url": "", "avatar": "upload/images/avatar/a326b6844d53a7a39220c5d21157f37a.jpg", "cover_image": "", "slug": "timmy", "date_signin": "2013-03-06", "user": 3}}, {"pk": 4, "model": "core.profile", "fields": {"name": "timmy53", "cover_image_top": 0, "description": "fzefz", "url": "", "avatar": "upload/images/avatar/f3f6691e66828a54d9a291e4880b16a6.jpg", "cover_image": "", "slug": "timmy53", "date_signin": "2013-03-06", "user": 4}}, {"pk": 5, "model": "core.profile", "fields": {"name": "test", "cover_image_top": 0, "description": "test", "url": "", "avatar": "upload/images/avatar/0783acd615567150c1b89bca1b142efb.jpg", "cover_image": "", "slug": "test-2", "date_signin": "2013-03-06", "user": 5}}, {"pk": 6, "model": "core.profile", "fields": {"name": "Efficiency Network", "cover_image_top": 0, "description": "fzefzeef", "url": "", "avatar": "upload/images/avatar/0a8181e4ccb9ffe51b179a4f39ba80cd.jpg", "cover_image": "", "slug": "efficiency-network", "date_signin": "2013-03-06", "user": 6}}, {"pk": 7, "model": "core.profile", "fields": {"name": "Orange", "cover_image_top": 0, "description": "Orange est une entreprise", "url": "", "avatar": "upload/images/avatar/2d9ad800b30c379bed685ceafc126aaf.jpg", "cover_image": "", "slug": "orange", "date_signin": "2013-03-06", "user": 7}}, {"pk": 6, "model": "core.company", "fields": {"social_network": [], "address": []}}, {"pk": 7, "model": "core.company", "fields": {"social_network": [], "address": []}}, {"pk": 1, "model": "core.applicant", "fields": {"available": null, "search_location": "", "profession": "Web dev", "educations": [], "social_network": [], "experiences": [], "bookmarks": []}}, {"pk": 2, "model": "core.applicant", "fields": {"available": null, "search_location": "", "profession": "timmy.fr", "educations": [], "social_network": [], "experiences": [], "bookmarks": []}}, {"pk": 3, "model": "core.applicant", "fields": {"available": null, "search_location": "", "profession": "testtt", "educations": [], "social_network": [], "experiences": [], "bookmarks": []}}, {"pk": 4, "model": "core.applicant", "fields": {"available": null, "search_location": "", "profession": "Eboueur", "educations": [], "social_network": [], "experiences": [], "bookmarks": []}}, {"pk": 5, "model": "core.applicant", "fields": {"available": null, "search_location": "", "profession": "Eboueur", "educations": [], "social_network": [], "experiences": [], "bookmarks": []}}, {"pk": 1, "model": "core.commontag", "fields": {"name": "danse", "slug": "danse"}}, {"pk": 2, "model": "core.commontag", "fields": {"name": "vandamme", "slug": "vandamme"}}, {"pk": 3, "model": "core.commontag", "fields": {"name": "teasern", "slug": "teasern"}}, {"pk": 4, "model": "core.commontag", "fields": {"name": "project", "slug": "project"}}, {"pk": 5, "model": "core.commontag", "fields": {"name": "rebrand", "slug": "rebrand"}}, {"pk": 6, "model": "core.commontag", "fields": {"name": "din", "slug": "din"}}, {"pk": 7, "model": "core.commontag", "fields": {"name": "horse", "slug": "horse"}}, {"pk": 1, "model": "core.commontaggeditem", "fields": {"content_object": 3, "tag": 1}}, {"pk": 2, "model": "core.commontaggeditem", "fields": {"content_object": 3, "tag": 2}}, {"pk": 3, "model": "core.commontaggeditem", "fields": {"content_object": 3, "tag": 3}}, {"pk": 4, "model": "core.commontaggeditem", "fields": {"content_object": 6, "tag": 1}}, {"pk": 5, "model": "core.commontaggeditem", "fields": {"content_object": 2, "tag": 4}}, {"pk": 6, "model": "core.commontaggeditem", "fields": {"content_object": 14, "tag": 5}}, {"pk": 7, "model": "core.commontaggeditem", "fields": {"content_object": 14, "tag": 6}}, {"pk": 8, "model": "core.commontaggeditem", "fields": {"content_object": 14, "tag": 7}}, {"pk": 1, "model": "core.offer", "fields": {"salary": 3000, "vacancy": true, "reference": "B1234Y", "title": "D\u00e9veloppeur C#.NET WPF - H/F", "company": 7, "contract": "CDD", "content": "Lorem ipsum dolor sit amet, consectetur adipiscing elit. Integer fringilla euismod ornare. Curabitur ac leo mauris. Curabitur a orci quis purus commodo adipiscing. Phasellus porta fermentum cursus. In hac habitasse platea dictumst. Nulla vulputate, eros id luctus dapibus, quam eros euismod orci, eget suscipit leo turpis quis orci. Cras lacinia augue vitae neque laoreet vitae posuere metus blandit. Nulla lorem dui, auctor in ultrices nec, ultrices sit amet risus. Aliquam scelerisque, urna aliquam condimentum sollicitudin, magna nisi consectetur sapien, sed egestas dui nunc id elit. Morbi at augue non ante vulputate consequat. Nulla aliquet dignissim sapien, non consectetur dolor tincidunt nec. Nullam auctor nulla ut nisl ornare id ornare mauris tempor. Aenean augue magna, lacinia quis lacinia a, mollis non tellus. Curabitur semper, massa at mattis condimentum, leo risus ullamcorper justo, sit amet gravida nisi mi ut libero. Aliquam euismod lectus a velit molestie eget auctor nisl tincidunt. Suspendisse vitae elit at libero viverra sollicitudin.", "start": null, "publish_date": "2013-01-30", "location": "Paris", "published": false, "duration": null, "category": [], "slug": "developpeur-cnet-wpf-hf"}}, {"pk": 2, "model": "core.offer", "fields": {"salary": 300, "vacancy": true, "reference": "B12334Y", "title": "Chef de projet mobile / web - H/F", "company": 7, "contract": "INTERN", "content": "Lorem ipsum dolor sit amet, consectetur adipiscing elit. Integer fringilla euismod ornare. Curabitur ac leo mauris. Curabitur a orci quis purus commodo adipiscing. Phasellus porta fermentum cursus. In hac habitasse platea dictumst. Nulla vulputate, eros id luctus dapibus, quam eros euismod orci, eget suscipit leo turpis quis orci. Cras lacinia augue vitae neque laoreet vitae posuere metus blandit. Nulla lorem dui, auctor in ultrices nec, ultrices sit amet risus. Aliquam scelerisque, urna aliquam condimentum sollicitudin, magna nisi consectetur sapien, sed egestas dui nunc id elit. Morbi at augue non ante vulputate consequat. Nulla aliquet dignissim sapien, non consectetur dolor tincidunt nec. Nullam auctor nulla ut nisl ornare id ornare mauris tempor. Aenean augue magna, lacinia quis lacinia a, mollis non tellus. Curabitur semper, massa at mattis condimentum, leo risus ullamcorper justo, sit amet gravida nisi mi ut libero. Aliquam euismod lectus a velit molestie eget auctor nisl tincidunt. Suspendisse vitae elit at libero viverra sollicitudin.", "start": null, "publish_date": "2013-01-30", "location": "Paris", "published": false, "duration": null, "category": [], "slug": "chef-de-projet-mobile-web-hf"}}, {"pk": 3, "model": "core.offer", "fields": {"salary": 200, "vacancy": true, "reference": "", "title": "Chef de projet fonctionnel web et mobile senior - H/F", "company": 7, "contract": "INTERN", "content": "Maecenas semper, ipsum ac eleifend consectetur, massa risus mollis magna, pharetra euismod quam magna a libero. Nam quis elit sit amet lacus vulputate convallis id sit amet mauris. Lorem ipsum dolor sit amet, consectetur adipiscing elit. Fusce in augue a elit vehicula ornare vel sit amet nisi. Sed semper, lacus fringilla placerat egestas, libero purus egestas libero, et viverra dolor risus vel purus. Aliquam convallis, nibh eget malesuada ullamcorper, nibh turpis pulvinar sapien, malesuada ultrices augue orci a nunc. Praesent vitae ante dolor. Proin vulputate condimentum condimentum. Aliquam erat volutpat. Aliquam congue adipiscing venenatis. Duis vulputate arcu et enim aliquam sit amet rutrum quam vehicula. Nunc in nibh malesuada nisi pretium rutrum. Fusce dignissim tempor eros ac lacinia. Fusce pharetra massa lectus. Praesent sit amet purus varius leo sodales venenatis.", "start": null, "publish_date": "2013-01-30", "location": "Paris", "published": false, "duration": null, "category": [], "slug": "chef-de-projet-fonctionnel-web-et-mobile-senior-hf"}}, {"pk": 4, "model": "core.offer", "fields": {"salary": 2000, "vacancy": true, "reference": "", "title": "Administrateur Syst\u00e8me - H/F", "company": 7, "contract": "CDI", "content": "Maecenas semper, ipsum ac eleifend consectetur, massa risus mollis magna, pharetra euismod quam magna a libero. Nam quis elit sit amet lacus vulputate convallis id sit amet mauris. Lorem ipsum dolor sit amet, consectetur adipiscing elit. Fusce in augue a elit vehicula ornare vel sit amet nisi. Sed semper, lacus fringilla placerat egestas, libero purus egestas libero, et viverra dolor risus vel purus. Aliquam convallis, nibh eget malesuada ullamcorper, nibh turpis pulvinar sapien, malesuada ultrices augue orci a nunc. Praesent vitae ante dolor. Proin vulputate condimentum condimentum. Aliquam erat volutpat. Aliquam congue adipiscing venenatis. Duis vulputate arcu et enim aliquam sit amet rutrum quam vehicula. Nunc in nibh malesuada nisi pretium rutrum. Fusce dignissim tempor eros ac lacinia. Fusce pharetra massa lectus. Praesent sit amet purus varius leo sodales venenatis.", "start": null, "publish_date": "2013-01-30", "location": "Montpellier", "published": false, "duration": null, "category": [], "slug": "administrateur-systeme-hf"}}, {"pk": 1, "model": "core.media", "fields": {"description": "", "slug": "uploadimagesprojectprojecteel_ui_30_profiljpg", "title": "projecteel_ui_30_profil.jpg"}}, {"pk": 2, "model": "core.media", "fields": {"description": "", "slug": "uploadimagesprojectprojecteel_ui_41_consultation_p", "title": "projecteel_ui_41_consultation_projet.jpg"}}, {"pk": 3, "model": "core.media", "fields": {"description": null, "slug": "projecteel", "title": "Projecteel"}}, {"pk": 4, "model": "core.media", "fields": {"description": null, "slug": "nile-new-year", "title": "Nile New year"}}, {"pk": 5, "model": "core.media", "fields": {"description": "", "slug": "uploadimagesproject8b5ee2b39279e641e35752e00e72f33", "title": "8b5ee2b39279e641e35752e00e72f330.jpg"}}, {"pk": 6, "model": "core.media", "fields": {"description": "", "slug": "uploadimagesprojectaac1f57e9b60bb90d34fad52300d9f0", "title": "aac1f57e9b60bb90d34fad52300d9f04.jpg"}}, {"pk": 7, "model": "core.media", "fields": {"description": "", "slug": "uploadimagesproject54b664c23bb22d54dd430abd2f00223", "title": "54b664c23bb22d54dd430abd2f002231.jpg"}}, {"pk": 8, "model": "core.media", "fields": {"description": "", "slug": "uploadimagesprojectcb3674d734474a78097ca4ce0e2ed2b", "title": "cb3674d734474a78097ca4ce0e2ed2bb.jpg"}}, {"pk": 9, "model": "core.media", "fields": {"description": null, "slug": "dubai-film-festival-rebrand-pitch", "title": "Dubai Film Festival Rebrand Pitch"}}, {"pk": 1, "model": "core.imageproject", "fields": {"project": 2, "upload_date": "2013-01-30T07:54:32.694Z", "image": "upload/images/project/projecteel_ui_30_profil.jpg"}}, {"pk": 2, "model": "core.imageproject", "fields": {"project": 2, "upload_date": "2013-01-30T07:54:33.324Z", "image": "upload/images/project/projecteel_ui_41_consultation_projet.jpg"}}, {"pk": 5, "model": "core.imageproject", "fields": {"project": 14, "upload_date": "2013-02-16T01:23:18.174Z", "image": "upload/images/project/8b5ee2b39279e641e35752e00e72f330.jpg"}}, {"pk": 6, "model": "core.imageproject", "fields": {"project": 14, "upload_date": "2013-02-16T01:23:18.789Z", "image": "upload/images/project/aac1f57e9b60bb90d34fad52300d9f04.jpg"}}, {"pk": 7, "model": "core.imageproject", "fields": {"project": 14, "upload_date": "2013-02-16T01:23:19.496Z", "image": "upload/images/project/54b664c23bb22d54dd430abd2f002231.jpg"}}, {"pk": 8, "model": "core.imageproject", "fields": {"project": 14, "upload_date": "2013-02-16T01:23:20.095Z", "image": "upload/images/project/cb3674d734474a78097ca4ce0e2ed2bb.jpg"}}, {"pk": 3, "model": "core.embedcontent", "fields": {"content": "", "project": 2}}, {"pk": 4, "model": "core.embedcontent", "fields": {"content": "", "project": 11}}, {"pk": 9, "model": "core.embedcontent", "fields": {"content": "", "project": 14}}, {"pk": 1, "model": "core.skillstag", "fields": {"name": "cinema 4d", "slug": "cinema-4d"}}, {"pk": 2, "model": "core.skillstag", "fields": {"name": "after", "slug": "after"}}, {"pk": 3, "model": "core.skillstag", "fields": {"name": "Dance", "slug": "dance"}}, {"pk": 4, "model": "core.skillstag", "fields": {"name": "Video", "slug": "video"}}, {"pk": 5, "model": "core.skillstag", "fields": {"name": "After Effect", "slug": "after-effect"}}, {"pk": 1, "model": "core.categorytag", "fields": {"name": "web", "parent": null, "slug": "web"}}, {"pk": 2, "model": "core.categorytag", "fields": {"name": "integration", "parent": null, "slug": "integration"}}, {"pk": 3, "model": "core.categorytag", "fields": {"name": "Digital Art", "parent": null, "slug": "digital-art"}}, {"pk": 4, "model": "core.categorytag", "fields": {"name": "Illustration", "parent": null, "slug": "illustration"}}, {"pk": 5, "model": "core.categorytag", "fields": {"name": "Graphic Design", "parent": null, "slug": "graphic-design"}}, {"pk": 6, "model": "core.categorytag", "fields": {"name": "Branding", "parent": null, "slug": "branding"}}, {"pk": 7, "model": "core.categorytag", "fields": {"name": "Dance", "parent": null, "slug": "dance"}}, {"pk": 8, "model": "core.categorytag", "fields": {"name": "Performing", "parent": null, "slug": "performing"}}, {"pk": 9, "model": "core.categorytag", "fields": {"name": "Art", "parent": null, "slug": "art"}}, {"pk": 1, "model": "core.categorytaggeditem", "fields": {"content_object": 3, "tag": 8}}, {"pk": 2, "model": "core.categorytaggeditem", "fields": {"content_object": 3, "tag": 1}}, {"pk": 3, "model": "core.categorytaggeditem", "fields": {"content_object": 11, "tag": 1}}, {"pk": 4, "model": "core.categorytaggeditem", "fields": {"content_object": 14, "tag": 1}}, {"pk": 5, "model": "core.categorytaggeditem", "fields": {"content_object": 14, "tag": 5}}, {"pk": 6, "model": "core.categorytaggeditem", "fields": {"content_object": 14, "tag": 6}}, {"pk": 1, "model": "core.equipmenttag", "fields": {"name": "django", "slug": "django"}}, {"pk": 1, "model": "core.project", "fields": {"participant": [], "title": "Untitled", "period": null, "thumbnail": "", "content": "  ", "state": "FINISHED", "publish_date": "2013-01-30", "location": "", "published": false, "owner": 1, "cadre": "", "slug": "untitled", "view": 0}}, {"pk": 2, "model": "core.project", "fields": {"participant": [], "title": "Projecteel", "period": 3, "thumbnail": "upload/images/project/projecteel_ui_30_profil_1.jpg", "content": "Maecenas semper, ipsum ac eleifend consectetur, massa risus mollis magna, pharetra euismod quam magna a libero. Nam quis elit sit amet lacus vulputate convallis id sit amet mauris. Lorem ipsum dolor sit amet, consectetur adipiscing elit. Fusce in augue a elit vehicula ornare vel sit amet nisi. Sed semper, lacus fringilla placerat egestas, libero purus egestas libero, et viverra dolor risus vel purus. Aliquam convallis, nibh eget malesuada ullamcorper, nibh turpis pulvinar sapien, malesuada ultrices augue orci a nunc. Praesent vitae ante dolor. Proin vulputate condimentum condimentum. Aliquam erat volutpat. Aliquam congue adipiscing venenatis. Duis vulputate arcu et enim aliquam sit amet rutrum quam vehicula. Nunc in nibh malesuada nisi pretium rutrum. Fusce dignissim tempor eros ac lacinia. Fusce pharetra massa lectus. Praesent sit amet purus varius leo sodales venenatis.", "state": "FN", "publish_date": "2013-01-30", "location": "Paris", "published": true, "owner": 1, "cadre": "School", "slug": "projecteel", "view": 0}}, {"pk": 3, "model": "core.project", "fields": {"participant": [], "title": "Google Chrome app design", "period": 3, "thumbnail": "upload/images/project/Google_Chrome_logo.png", "content": "Maecenas semper, ipsum ac eleifend consectetur, massa risus mollis magna, pharetra euismod quam magna a libero. Nam quis elit sit amet lacus vulputate convallis id sit amet mauris. Lorem ipsum dolor sit amet, consectetur adipiscing elit. Fusce in augue a elit vehicula ornare vel sit amet nisi. Sed semper, lacus fringilla placerat egestas, libero purus egestas libero, et viverra dolor risus vel purus. Aliquam convallis, nibh eget malesuada ullamcorper, nibh turpis pulvinar sapien, malesuada ultrices augue orci a nunc. Praesent vitae ante dolor. Proin vulputate condimentum condimentum. Aliquam erat volutpat. Aliquam congue adipiscing venenatis. Duis vulputate arcu et enim aliquam sit amet rutrum quam vehicula. Nunc in nibh malesuada nisi pretium rutrum. Fusce dignissim tempor eros ac lacinia. Fusce pharetra massa lectus. Praesent sit amet purus varius leo sodales venenatis.", "state": "IP", "publish_date": "2013-02-06", "location": "Paris", "published": true, "owner": 1, "cadre": "School", "slug": "google-chrome-app-design", "view": 0}}, {"pk": 4, "model": "core.project", "fields": {"participant": [1], "title": "Lego New York", "period": 3, "thumbnail": "upload/images/project/8d61df0824b73b334c8c6d933671142b.jpg", "content": "Maecenas semper, ipsum ac eleifend consectetur, massa risus mollis magna, pharetra euismod quam magna a libero. Nam quis elit sit amet lacus vulputate convallis id sit amet mauris. Lorem ipsum dolor sit amet, consectetur adipiscing elit. Fusce in augue a elit vehicula ornare vel sit amet nisi. Sed semper, lacus fringilla placerat egestas, libero purus egestas libero, et viverra dolor risus vel purus. Aliquam convallis, nibh eget malesuada ullamcorper, nibh turpis pulvinar sapien, malesuada ultrices augue orci a nunc. Praesent vitae ante dolor. Proin vulputate condimentum condimentum. Aliquam erat volutpat. Aliquam congue adipiscing venenatis. Duis vulputate arcu et enim aliquam sit amet rutrum quam vehicula. Nunc in nibh malesuada nisi pretium rutrum. Fusce dignissim tempor eros ac lacinia. Fusce pharetra massa lectus. Praesent sit amet purus varius leo sodales venenatis.", "state": "FN", "publish_date": "2013-01-30", "location": "Paris", "published": true, "owner": 1, "cadre": "School", "slug": "lego-new-york", "view": 0}}, {"pk": 5, "model": "core.project", "fields": {"participant": [2], "title": "Experimental ID for American Airlines", "period": 4, "thumbnail": "upload/images/project/7f7211b840041c1f63ca9b6e96c9bfa9.png", "content": "A new experimental identity created for a Victors and Spoils project aiming to help American Airlines reinvent itself after filing for Chapter 11 Bankruptcy protection in 2011.", "state": "FN", "publish_date": "2013-01-30", "location": "New York", "published": true, "owner": 1, "cadre": "Work", "slug": "experimental-id-for-american-airlines", "view": 0}}, {"pk": 6, "model": "core.project", "fields": {"participant": [], "title": "MOTION IN AIR 2", "period": 4, "thumbnail": "upload/images/project/e118ef21f260484387aefb04361c3f5e.jpg", "content": "Maecenas semper, ipsum ac eleifend consectetur, massa risus mollis magna, pharetra euismod quam magna a libero. Nam quis elit sit amet lacus vulputate convallis id sit amet mauris. Lorem ipsum dolor sit amet, consectetur adipiscing elit. Fusce in augue a elit vehicula ornare vel sit amet nisi. Sed semper, lacus fringilla placerat egestas, libero purus egestas libero, et viverra dolor risus vel purus. Aliquam convallis, nibh eget malesuada ullamcorper, nibh turpis pulvinar sapien, malesuada ultrices augue orci a nunc. Praesent vitae ante dolor. Proin vulputate condimentum condimentum. Aliquam erat volutpat. Aliquam congue adipiscing venenatis. Duis vulputate arcu et enim aliquam sit amet rutrum quam vehicula. Nunc in nibh malesuada nisi pretium rutrum. Fusce dignissim tempor eros ac lacinia. Fusce pharetra massa lectus. Praesent sit amet purus varius leo sodales venenatis.", "state": "FN", "publish_date": "2013-02-06", "location": "", "published": true, "owner": 1, "cadre": "", "slug": "motion-in-air-2", "view": 0}}, {"pk": 11, "model": "core.project", "fields": {"participant": [1], "title": "Nile New year", "period": null, "thumbnail": "upload/images/project/38c169900065ad0f428605a6c3c6fab8.jpg", "content": "Nile new year", "state": "IP", "publish_date": "2013-02-15", "location": "Tapez un lieu ici", "published": true, "owner": 1, "cadre": "SCO", "slug": "nile-new-year", "view": 0}}, {"pk": 12, "model": "core.project", "fields": {"participant": [], "title": "Untitled", "period": null, "thumbnail": "", "content": "  ", "state": "", "publish_date": "2013-02-16", "location": "", "published": false, "owner": 1, "cadre": "", "slug": "untitled-2", "view": 0}}, {"pk": 13, "model": "core.project", "fields": {"participant": [], "title": "Untitled", "period": null, "thumbnail": "", "content": "  ", "state": "", "publish_date": "2013-02-16", "location": "", "published": false, "owner": 1, "cadre": "", "slug": "untitled-3", "view": 0}}, {"pk": 14, "model": "core.project", "fields": {"participant": [1, 2], "title": "Dubai Film Festival Rebrand Pitch", "period": 2, "thumbnail": "upload/images/project/8b5ee2b39279e641e35752e00e72f330_1.jpg", "content": "Un nouveau design", "state": "FN", "publish_date": "2013-02-16", "location": "Dubai", "published": true, "owner": 1, "cadre": "PRO", "slug": "dubai-film-festival-rebrand-pitch", "view": 0}}, {"pk": 1, "model": "core.comment", "fields": {"project": 3, "profile": 1, "content": "ezrzr", "publish_date": "2013-02-06"}}, {"pk": 2, "model": "core.comment", "fields": {"project": 3, "profile": 1, "content": "ezrar", "publish_date": "2013-02-06"}}, {"pk": 3, "model": "core.comment", "fields": {"project": 3, "profile": 1, "content": "zezarazrz", "publish_date": "2013-02-06"}}, {"pk": 4, "model": "core.comment", "fields": {"project": 3, "profile": 1, "content": "zezarazrz", "publish_date": "2013-02-06"}}, {"pk": 5, "model": "core.comment", "fields": {"project": 14, "profile": 1, "content": "Test", "publish_date": "2013-02-16"}}, {"pk": 1, "model": "core.applicantoffer", "fields": {"content": "", "state": "POST", "applicant": 1, "publish_date": "2013-01-30", "offer": 1}}, {"pk": 1, "model": "core.like", "fields": {"profile": 1, "project": 2, "publish_date": "2013-01-30"}}, {"pk": 2, "model": "core.like", "fields": {"profile": 1, "project": 3, "publish_date": "2013-02-06"}}, {"pk": 3, "model": "core.like", "fields": {"profile": 3, "project": 2, "publish_date": "2013-02-06"}}, {"pk": 4, "model": "core.like", "fields": {"profile": 1, "project": 4, "publish_date": "2013-02-16"}}]